source_id,year,citation,title,persistent_identifier,landing_url,lithology_classes,evidence_role,atlas_use
LIT-001,2020,Park & Santamarina (2020),The critical role of pore size on depth-dependent microbial cell counts in sediments,doi:10.1038/s41598-020-78714-3,https://doi.org/10.1038/s41598-020-78714-3,unconsolidated sand/sediment|sandstone|mudstone/shale|carbonate,benchmark synthesis,"Supplementary Table S2: 39 soil and 44 intact-rock fitted pore-diameter datasets; benchmark only, not pooled primary data."
LIT-002,2009,Dong & Blunt (2009); Imperial College release,Pore-network extraction from micro-computerized-tomography images,doi:10.6084/m9.figshare.1189259.v1,https://doi.org/10.6084/m9.figshare.1189259.v1,unconsolidated sand/sediment,primary quantitative dataset,F42A Ottawa quartz sand laboratory pack; body/throat network and connectivity.
LIT-003,2021,Ferrick et al. (2021),Microstructural differences between naturally-deposited and laboratory beach sands,doi:10.1007/s10035-021-01169-4,https://doi.org/10.1007/s10035-021-01169-4,unconsolidated sand/sediment,primary study,Natural beach cores and a laboratory-pluviated comparison; porosity and grain coordination.
LIT-004,2000,Winters (2000),"Water content, porosity and grain-size distribution of sediments from ODP Leg 164 sites",doi:10.1594/PANGAEA.804616,https://doi.org/10.1594/PANGAEA.804616,unconsolidated sand/sediment,primary tabular dataset,Natural marine sediments; porosity and grain-size context without a pore-throat distribution.
LIT-005,2003,Tanaka et al. (2003),Pore size distribution of clayey soils measured by mercury intrusion porosimetry and its relation to hydraulic conductivity,doi:10.3208/sandf.43.6_63,https://doi.org/10.3208/sandf.43.6_63,unconsolidated sand/sediment,primary study,Natural and remoulded clays; MIP size distributions used in Park & Santamarina S2.
LIT-006,2018,Thomson et al. (2018),Pore network modeling data for Fontainebleau and Berea sandstones,doi:10.3389/feart.2018.00058,https://doi.org/10.3389/feart.2018.00058,sandstone,primary study and dataset,0.74 um voxel synchrotron CT/PNM; resolved connected phase.
LIT-007,2021,Payton et al. (2021),Pore-scale assessment of subsurface sandstone porosity and permeability,doi:10.1144/petgeo2020-092,https://doi.org/10.1144/petgeo2020-092,sandstone,primary study and dataset,Seven Wilmslow Sandstone plugs from Sellafield BH13B; micro-CT/PNM.
LIT-008,2016,Cao et al. (2016),Pore structure characterization of Chang-7 tight sandstone using MICP combined with N2GA,doi:10.1038/srep36919,https://doi.org/10.1038/srep36919,sandstone,primary study,"Fifteen quantified tight-sandstone samples; MICP, gas adsorption and microscopy."
LIT-009,2024,Zhang et al. (2024),"Pore-throat structure, fractal characteristics and permeability prediction of tight sandstone: Yanchang Formation",doi:10.1038/s41598-024-79203-7,https://doi.org/10.1038/s41598-024-79203-7,sandstone,primary study,Forty-five samples; sixteen representative MICP curves and pore-throat statistics.
LIT-010,2022,Fan et al. (2022),Assessment of multi-scale pore structures for shale samples,doi:10.1016/j.fuel.2022.125463,https://doi.org/10.1016/j.fuel.2022.125463,mudstone/shale,primary study and dataset,W23 and J24 CTSTA/model data; model radius is not a direct observed throat or body.
LIT-011,2017,Shapiro et al. (2017),Porosity and pore size distribution in a sedimentary rock,doi:10.1016/j.jconhyd.2017.06.006,https://doi.org/10.1016/j.jconhyd.2017.06.006,mudstone/shale,primary study and dataset,Ninety-four MIP samples from seven West Trenton boreholes.
LIT-012,2012,Loucks et al. (2012),Spectrum of pore types and networks in mudrocks,doi:10.1306/08171111061,https://doi.org/10.1306/08171111061,mudstone/shale,multi-formation primary synthesis,"FIB-SEM classification across several North American shale systems; source count is one, sites remain multiple."
LIT-013,2013,Kuila & Prasad (2013),Specific surface area and pore-size distribution in clays and shales,doi:10.1111/1365-2478.12028,https://doi.org/10.1111/1365-2478.12028,mudstone/shale,primary study and methods synthesis,Gas adsorption and MIP; exposes method windows and characteristic clay-related 3 nm pores.
LIT-014,2022,"Liu, Ma & Zhu (2022)",Pore structure characteristics of biogenic carbonate rocks in the South China Sea,doi:10.3390/app12052611,https://doi.org/10.3390/app12052611,carbonate,primary study and dataset,Five natural carbonate specimens at 61.75 um voxels; resolved maximum-ball bodies and throats.
LIT-015,1989,Moshier (1989),Microporosity in micritic limestones: a review,doi:10.1016/0037-0738(89)90132-2,https://doi.org/10.1016/0037-0738(89)90132-2,carbonate,review,Micrite matrix-pore types and reported intercrystalline/secondary micropore scales.
LIT-016,2020,Cardona & Santamarina (2020),Carbonate rocks: matrix permeability estimation,AAPG Bulletin 104:131-144,https://doi.org/10.1306/08071918123,carbonate,primary compilation,Matrix-scale carbonate petrophysics; source behind part of Park & Santamarina S2.
LIT-017,1991,Churcher et al. (1991),"Rock properties of Berea sandstone, Baker dolomite, and Indiana limestone",doi:10.2118/21044-MS,https://doi.org/10.2118/21044-MS,carbonate,primary comparative study,Reference carbonate petrophysics; bimodal Indiana limestone fits in Park & Santamarina S2.
LIT-018,2022,Menefee et al. (2022),Changes in pore geometry and connectivity in a basalt pore network,doi:10.1029/2021WR030275,https://doi.org/10.1029/2021WR030275,basalt/volcanic rock,primary study and dataset,Port Fairy basalt; current detailed table is an unreacted ungrooved half-core resolved at 14.99 um.
LIT-019,1999,Saar & Manga (1999),Permeability-porosity relationship in vesicular basalts,doi:10.1029/1998GL900256,https://doi.org/10.1029/1998GL900256,basalt/volcanic rock,primary study,Central Oregon scoria/flows; vesicle bodies and connecting apertures are distinct.
LIT-020,1980,Johnson (1980),"Porosity and density of Kilauea volcano basalts, Hawaii",USGS Professional Paper 1123-B,https://pubs.usgs.gov/pp/1123a-d/,basalt/volcanic rock,primary tabular study,Kilauea Iki drill core; helium- and water-accessible porosity versus depth.
LIT-021,2010,Adelinet et al. (2010),Frequency and fluid effects on elastic properties of basalt,doi:10.1029/2009GL041660,https://doi.org/10.1029/2009GL041660,basalt/volcanic rock,primary study,Fresh Reykjanes basalt; MIP separates crack and equant-pore modes.
LIT-022,2018,Heap et al. (2018),Permeability of volcanic rocks to gas and water,doi:10.1016/j.jvolgeores.2018.02.002,https://doi.org/10.1016/j.jvolgeores.2018.02.002,basalt/volcanic rock,primary comparative study,Basalt plus andesite; pressure-dependent permeability and MIP pore-throat context.
LIT-023,2019,Stanek & Geraud (2019),Granite microporosity changes due to fracturing and alteration,doi:10.5194/se-10-251-2019,https://doi.org/10.5194/se-10-251-2019,granite/granitoid,primary study and dataset,Twenty-one deliberately state-diverse specimens from one MEL-5 borehole.
LIT-024,1989,"Wong, Fredrich & Gwanmesia (1989)",Crack aperture statistics and pore-space fractal geometry of Westerly granite and Rutland quartzite,doi:10.1029/JB094iB08p10267,https://doi.org/10.1029/JB094iB08p10267,granite/granitoid|metamorphic rock,primary comparative study,Crack-aperture stereology; distinguishes crystalline microcracks from generic pores.
LIT-025,2016,Blake et al. (2016),Effect of fracture density and stress state on Westerly granite,doi:10.1002/2015JB012310,https://doi.org/10.1002/2015JB012310,granite/granitoid,primary experimental study,Untreated and thermally cracked Westerly granite; altered state kept separate.
LIT-026,2024,Sousa et al. (2024),Experimental investigation on moisture movement behavior of granites,doi:10.1007/s10064-024-03935-z,https://doi.org/10.1007/s10064-024-03935-z,granite/granitoid,primary study,Reference and contaminated Portuguese granites; MIP open porosity and pore-diameter classes.
LIT-027,2015,Anovitz & Cole (2015),Characterization and analysis of porosity and pore structures,doi:10.2138/rmg.2015.80.04,https://doi.org/10.2138/rmg.2015.80.04,granite/granitoid,review,Method-aware crystalline-rock pore characterization and weathering examples.
LIT-028,2017,Falcon-Suarez et al. (2017),Elastic and electrical properties and permeability of serpentinites from Atlantis Massif,doi:10.1093/gji/ggx341,https://doi.org/10.1093/gji/ggx341,gabbro/mafic crystalline|serpentinite/ultramafic,primary study and dataset,"Four mafic and four serpentinised cores; bulk porosity and pressure-dependent transport, no PSD."
LIT-029,1991,"Goldberg, Broglia & Becker (1991)","Fracturing, alteration, and permeability: in-situ properties in Hole 735B",ODP Scientific Results 118,https://www-odp.tamu.edu/publications/118_SR/VOLUME/CHAPTERS/sr118_14.pdf,gabbro/mafic crystalline,primary borehole study,Corrected neutron/core porosity and fracture-controlled permeability in oceanic gabbro.
LIT-030,1991,Pezard et al. (1991),"Electrical conduction in oceanic gabbros, Hole 735B",ODP Scientific Results 118,https://www-odp.tamu.edu/publications/118_SR/,gabbro/mafic crystalline,primary study,"Twenty-nine gabbroic specimens; electrical formation factor, porosity, crack/microcrack interpretation."
LIT-031,1999,Dick et al. / ODP Leg 176 Shipboard Scientific Party (1999),"Physical properties of principal lithologies, Hole 735B",ODP Initial Reports 176 Table T16,https://www.iodp.tamu.edu/publications/176_IR/CHAP_03/Output/chap215a.htm,gabbro/mafic crystalline,primary tabular compilation,Hundreds of measurements from one borehole; measurement count is not site replication.
LIT-032,2014,Gillis et al. / IODP Expedition 345 (2014),Hess Deep plutonic crust: Hole U1415 physical properties,doi:10.2204/iodp.proc.345.2014,https://publications.iodp.org/proceedings/345/345title.htm,gabbro/mafic crystalline,primary expedition report,Discrete gabbroic core porosity/density measurements at Hess Deep.
LIT-033,2016,Tutolo et al. (2016),Nanoscale constraints on porosity generation and fluid flow during serpentinization,doi:10.1130/G37349.1,https://doi.org/10.1130/G37349.1,serpentinite/ultramafic,primary study,(U)SANS on Atlantis Massif and Duluth Complex materials; intrinsic nanopores plus reaction fractures.
LIT-034,2023,Chogani et al. (2023),Decoding the nanoscale porosity in serpentinites,doi:10.1007/s00410-023-02062-4,https://doi.org/10.1007/s00410-023-02062-4,serpentinite/ultramafic,primary study and small quantitative supplement,ODP Site 1274 and Roragen; FIB-SEM/TEM porosity and pore diameters.
LIT-035,2017,Kawano et al. (2017),Mantle hydration along outer-rise faults inferred from serpentinite permeability,doi:10.1038/s41598-017-14309-9,https://doi.org/10.1038/s41598-017-14309-9,serpentinite/ultramafic,primary comparative study,"Accretionary-prism and dredged low-temperature serpentinites; porosity, permeability and state."
LIT-036,2019,Morrow et al. (2019),"Permeability, porosity, and frictional strength of IODP Expedition 366 cores",doi:10.14379/iodp.proc.366.202.2019,https://doi.org/10.14379/iodp.proc.366.202.2019,serpentinite/ultramafic,primary study,Seven shallow cores from three Mariana forearc serpentinite mud volcanoes; special mud-volcano material.
LIT-037,2022,Yang et al. (2022),Semiquantitative microscopic pore characterizations of a metamorphic rock reservoir,doi:10.1038/s41598-022-05960-y,https://doi.org/10.1038/s41598-022-05960-y,metamorphic rock,primary study,Eight schist/mylonite specimens; HPMI and gas adsorption retain pores and microfractures separately.
LIT-038,2000,Bagde (2000),Strength and porous properties of metamorphic rocks in the Himalayas,doi:10.1023/A:1026518616345,https://doi.org/10.1023/A:1026518616345,metamorphic rock,primary study,Three schist varieties from Nathpa-Jhakri; MIP porosity and PSD.
LIT-039,2000,Siegesmund et al. (2000),Physical weathering of marbles caused by anisotropic thermal expansion,doi:10.1007/s005310050324,https://doi.org/10.1007/s005310050324,metamorphic rock,primary comparative study,Marbles including Carrara; grain-boundary microcracks and thermal state are explicit.
LIT-040,1982,Kessler et al. / USGS (1982),Porosity and bulk density of sedimentary and metamorphic rocks,USGS Open-File Report 82-166,https://pubs.usgs.gov/of/1982/0166/report.pdf,metamorphic rock,reference compilation,"Broad porosity table used only as an envelope check, not as a site-level dataset."
