lithology,independent_literature_sources,mapped_natural_settings,documented_primary_physical_specimens_minimum,park_santamarina_benchmark_groups_not_added_to_specimen_total,counting_note
unconsolidated sand/sediment,5,2,9,39,"Conservative minimum: review/benchmark rows, duplicate geometry rows, unspecified n, continuous logs and repeated studies of the same specimens are excluded."
sandstone,5,3,69,17,"Conservative minimum: review/benchmark rows, duplicate geometry rows, unspecified n, continuous logs and repeated studies of the same specimens are excluded."
mudstone/shale,5,5,96,4,"Conservative minimum: review/benchmark rows, duplicate geometry rows, unspecified n, continuous logs and repeated studies of the same specimens are excluded."
carbonate,5,3,5,23,"Conservative minimum: review/benchmark rows, duplicate geometry rows, unspecified n, continuous logs and repeated studies of the same specimens are excluded."
basalt/volcanic rock,5,5,11,0,"Conservative minimum: review/benchmark rows, duplicate geometry rows, unspecified n, continuous logs and repeated studies of the same specimens are excluded."
granite/granitoid,5,3,22,0,"Conservative minimum: review/benchmark rows, duplicate geometry rows, unspecified n, continuous logs and repeated studies of the same specimens are excluded."
gabbro/mafic crystalline,5,3,33,0,"Conservative minimum: review/benchmark rows, duplicate geometry rows, unspecified n, continuous logs and repeated studies of the same specimens are excluded."
serpentinite/ultramafic,5,7,15,0,"Conservative minimum: review/benchmark rows, duplicate geometry rows, unspecified n, continuous logs and repeated studies of the same specimens are excluded."
metamorphic rock,5,4,12,0,"Conservative minimum: review/benchmark rows, duplicate geometry rows, unspecified n, continuous logs and repeated studies of the same specimens are excluded."
