lithology,atlas_source_records_outside_detailed_m3,sources_with_quantitative_rows,direct_context_observation_rows_outside_detailed_m3,mapped_natural_settings_outside_detailed_m3,conservative_natural_specimens_outside_detailed_m3,conservative_laboratory_specimens_outside_detailed_m3,quantitative_measurement_rows,quantitative_scalar_values,park_s2_measurement_rows,park_s2_component_groups,other_literature_rows,porosity_measurement_rows,pore_body_or_other_void_rows,fitted_pore_scale_unresolved_rows,throat_or_constriction_rows,crack_or_fracture_rows,connectivity_or_context_rows,methods_represented,counting_note
unconsolidated sand/sediment,4,3,3,2,7,1,83,86,78,39,5,2,0,78,1,0,2,MIP|source-dependent distribution fitted by Park & Santamarina|synchrotron micro-CT,"Measurement rows are explicit published scalar, range, threshold or fitted-distribution summaries. They are not individual pores and not necessarily individual specimens. Source/settings/specimen columns exclude detailed M3 rows; Park S2 source-specific groups are counted separately."
sandstone,3,3,3,2,60,0,55,60,48,24,7,2,1,48,4,0,0,MICP|MICP + microscopy|SEM + thin section + N2 adsorption|source-dependent distribution fitted by Park & Santamarina,"Measurement rows are explicit published scalar, range, threshold or fitted-distribution summaries. They are not individual pores and not necessarily individual specimens. Source/settings/specimen columns exclude detailed M3 rows; Park S2 source-specific groups are counted separately."
mudstone/shale,4,3,2,5,94,0,18,18,16,8,2,1,1,16,0,0,0,MIP|N2 adsorption + MIP|source-dependent distribution fitted by Park & Santamarina,"Measurement rows are explicit published scalar, range, threshold or fitted-distribution summaries. They are not individual pores and not necessarily individual specimens. Source/settings/specimen columns exclude detailed M3 rows; Park S2 source-specific groups are counted separately."
carbonate,4,2,2,2,0,0,75,76,72,36,3,1,2,72,0,0,0,SEM/petrography review|source-dependent distribution fitted by Park & Santamarina,"Measurement rows are explicit published scalar, range, threshold or fitted-distribution summaries. They are not individual pores and not necessarily individual specimens. Source/settings/specimen columns exclude detailed M3 rows; Park S2 source-specific groups are counted separately."
basalt/volcanic rock,4,3,6,4,10,0,101,103,0,0,101,97,1,0,2,1,0,MIP|MIP + SEM|MIP + pressure-dependent permeability|helium and water saturation,"Measurement rows are explicit published scalar, range, threshold or fitted-distribution summaries. They are not individual pores and not necessarily individual specimens. Source/settings/specimen columns exclude detailed M3 rows; Park S2 source-specific groups are counted separately."
granite/granitoid,4,1,3,2,1,0,1,2,0,0,1,1,0,0,0,0,0,BSE microscopy + porosity,"Measurement rows are explicit published scalar, range, threshold or fitted-distribution summaries. They are not individual pores and not necessarily individual specimens. Source/settings/specimen columns exclude detailed M3 rows; Park S2 source-specific groups are counted separately."
gabbro/mafic crystalline,4,1,3,2,32,0,1,2,0,0,1,1,0,0,0,0,0,neutron/density/televiewer logs + packer tests,"Measurement rows are explicit published scalar, range, threshold or fitted-distribution summaries. They are not individual pores and not necessarily individual specimens. Source/settings/specimen columns exclude detailed M3 rows; Park S2 source-specific groups are counted separately."
serpentinite/ultramafic,4,3,4,7,11,0,6,12,0,0,6,6,0,0,0,0,0,FIB-SEM nanotomography|FIB-SEM nanotomography + TEM|TEM|TEM/FIB-SEM|gas-expansion porosity + pressure-dependent permeability|wet-dry/gas porosity + permeability/friction,"Measurement rows are explicit published scalar, range, threshold or fitted-distribution summaries. They are not individual pores and not necessarily individual specimens. Source/settings/specimen columns exclude detailed M3 rows; Park S2 source-specific groups are counted separately."
metamorphic rock,5,1,5,4,12,0,5,6,0,0,5,3,2,0,0,0,0,HPMI + N2 adsorption/DFT,"Measurement rows are explicit published scalar, range, threshold or fitted-distribution summaries. They are not individual pores and not necessarily individual specimens. Source/settings/specimen columns exclude detailed M3 rows; Park S2 source-specific groups are counted separately."
