observation_id,source_id,lithology,subtype_or_state,sample_state,locality_formation_borehole,location_precision,physical_specimens,total_porosity_percent,effective_connected_porosity_percent,geometry_class,size_min,size_central,size_max,size_unit,radius_diameter_or_definition,weighting_basis,method,resolution_or_detection_window,depth_stress_state_context,exact_table_figure_provenance,count_in_primary_specimen_minimum,interpretation_note
OBS-001,LIT-001,unconsolidated sand/sediment,natural soils,natural; heterogeneous soil types,14 source settings,multiple/unknown,14,,,fitted pore scale,0.11,,178.4,um,fitted mean pore diameter,source-dependent distributions fitted by Park & Santamarina,source-dependent; benchmark fit,,,"Supplementary Table S2, natural soils [14]",benchmark,"Fourteen dataset entries, not asserted here as fourteen independently verified physical specimens."
OBS-002,LIT-001,unconsolidated sand/sediment,remoulded soils,laboratory/remoulded,laboratory materials,laboratory,25,,,fitted pore scale,0.16,,233,um,fitted mean pore diameter,source-dependent,source-dependent; benchmark fit,,,"Supplementary Table S2, remoulded soils [25]",benchmark,
OBS-003,LIT-002,unconsolidated sand/sediment,Ottawa F42 quartz sand pack,laboratory pack,Imperial College F42A,laboratory,1,33.0,,pore body,,46.48,,um,native pore radius; comparison diameter is separately derived,network-object count,micro-CT + extracted PNM,9.996 um voxel; 300^3 voxels,,Results_F42A; Statoil node files; M3-RLD v1 sample summary,yes,
OBS-004,LIT-002,unconsolidated sand/sediment,Ottawa F42 quartz sand pack,laboratory pack,Imperial College F42A,laboratory,1,33.0,,pore throat,,26.75,,um,native throat radius,network-object count,micro-CT + extracted PNM,9.996 um voxel; 300^3 voxels,,Results_F42A; Statoil link files; M3-RLD v1 sample summary,no,Same physical pack as OBS-003; not counted twice.
OBS-005,LIT-003,unconsolidated sand/sediment,beach sand,"natural, undisturbed","unnamed beach, Alameda County, California",exact,3,37.1-40.3,,grain-contact network,,,,um,"grain coordination, not a pore-body or throat size",grain count,synchrotron micro-CT,6.45 um voxel,"1, 6 and 11 cm below beach surface",Methods sample collection; Table 1,yes,Mean grain coordination 7.71-8.31; three depths at one beach.
OBS-006,LIT-003,unconsolidated sand/sediment,same beach sand,laboratory pluviated,laboratory reconstruction of Alameda sand,laboratory,1,38.5,,grain-contact network,,,,um,"grain coordination, not a pore-body or throat size",grain count,synchrotron micro-CT,6.45 um voxel,,Table 1,yes,Mean grain coordination 7.45; kept separate from the natural cores.
OBS-007,LIT-005,unconsolidated sand/sediment,Bothkennar/Osaka/Kyoto natural clays,natural clay,Scotland and Japan source localities,multiple/approximate,4,,,MIP entry-equivalent,0.33,,1.58,um,Park S2 fitted mean diameter from Tanaka et al. MIP distributions,intrusion/source fit,MIP,,,Park & Santamarina Supplementary Table S2 entries 1-4; Tanaka et al. 2003,yes,Grouped only for compact atlas display; localities remain distinct in the source paper.
OBS-008,LIT-001,sandstone,intact sandstones,intact natural rocks,multiple literature settings,multiple/unknown,17,,,fitted pore scale,0.019,,3.648,um,fitted mean pore diameter; source methods differ,source-dependent,source-dependent; benchmark fit,,,"Supplementary Table S2, sandstones [17]",benchmark,
OBS-009,LIT-006,sandstone,Fontainebleau and Berea reference sandstone,natural reference specimens; one saturated case,sample origins not reported in release,unknown,2,3.8;19.9,3.0;19.6,pore body,2.74,,4.54,um,sample median native EqRadius,resolved network-object count,synchrotron micro-CT + PerGeos PNM,0.74 um voxel; connected segmented phase,,paper porosity table; Zenodo network tables; M3 audit sample medians,yes,
OBS-010,LIT-006,sandstone,Fontainebleau and Berea reference sandstone,natural reference specimens,sample origins not reported in release,unknown,2,,,pore throat,1.29,,3.8,um,sample median native throat EqRadius,resolved connected-throat object count,synchrotron micro-CT + PerGeos PNM,0.74 um voxel; connected segmented phase,,Zenodo network tables; M3 audit sample medians,no,Same two physical specimens as OBS-009.
OBS-011,LIT-007,sandstone,Wilmslow Sandstone Formation,"natural borehole plugs, epoxy impregnated","Sellafield borehole 13B, Cumbria",exact borehole,7,9.77-26.42,8.89-26.31,pore body,2.1,,16.06,um,range of sample median native EqRadius,all extracted objects; connected and disconnected mixed,micro-CT + PerGeos PNM,2.6860-2.8409 um voxel,seven borehole depths,paper Table 2; Figshare all-object tables; M3 audit,yes,
OBS-012,LIT-007,sandstone,Wilmslow Sandstone Formation,"natural borehole plugs, epoxy impregnated","Sellafield borehole 13B, Cumbria",exact borehole,7,,,pore throat,5.85,,11.62,um,range of sample median native throat EqRadius,all extracted objects; connected and disconnected mixed,micro-CT + PerGeos PNM,2.6860-2.8409 um voxel,,Figshare all-object tables; M3 audit,no,Same seven plugs as OBS-011; not a connected-path-only distribution.
OBS-013,LIT-008,sandstone,Chang-7 tight lithic arkose/feldspathic litharenite,fresh natural core,"Longdong area, Ordos Basin",regional,15,1.20-13.98,,matrix pore body,0.05,,100,um,direct microscopy ranges: clay intercrystalline through dissolved pores,descriptive/method-specific,SEM + thin section + N2 adsorption,N2 1.7-300 nm; combined PSD 2-10000 nm,about 1441-2069 m examples,Results pore types; Figs 2 and 7; Supplementary Tables S2-S4,yes,
OBS-014,LIT-008,sandstone,Chang-7 tight sandstone,fresh natural core,"Longdong area, Ordos Basin",regional,15,,,pore throat / entry constriction,0.006,0.127,0.91,um,MICP median pore-throat radius range; central is study average,mercury intrusion,MICP,reported MICP range; high-pressure lower-limit caveat,,Results pore throat structure; Supplementary Table S3,no,
OBS-015,LIT-009,sandstone,Yanchang Formation tight sandstone,natural reservoir core,southeast Ordos Basin,regional,45,0.5-10.5,,pore throat / entry constriction,,0.1,,um,example type-I median MICP throat radius; maximum-throat mean 0.89 um,mercury intrusion,MICP + microscopy,,,porosity results; Table 1 and Figure 5,yes,Sixteen representative MICP specimens within a 45-sample petrophysical suite.
OBS-016,LIT-001,mudstone/shale,intact shales,intact natural rocks,"North Sea, Mancos, Bakken, Woodford source settings",regional/multiple,4,,,fitted pore scale,0.004,,0.112,um,fitted mean pore diameter,source-dependent,source distributions fitted by Park & Santamarina,,,"Supplementary Table S2, shales [4]",benchmark,
OBS-017,LIT-010,mudstone/shale,W23/J24 marine shale,natural samples; model-derived curve,formation/locality unresolved in deposit,unknown,2,,,modelled pore-cluster/domain,0.0002,0.181,60,um,W23 modelled radius R; approximate weighted range/median from M3 audit; not an observed body/throat,modelled volume,CTSTA + multiscale fractal model,physical CTSTA resolution absent from deposit,,Harvard Dataverse WBSHKX/D1LDSO; M3 audit,yes,J24 lacks a resolved physical R unit and is excluded from physical-size comparison.
OBS-018,LIT-011,mudstone/shale,Lockatong Formation mudstone,natural core; shallow fractured aquifer matrix,"former NAWC, West Trenton, New Jersey",approximate locality,94,mostly 1-10; overall ~2 orders of magnitude,,pore throat / MIP entry,,,,um,MIP pore diameter,incremental intruded porosity,MIP,,seven boreholes; to ~35 m below land surface,paper Methods and Results; USGS data release 10.5066/F7GX48RZ,yes,About 0.1% porosity is associated with the largest throat class; fracture porosity was not measured from cores.
OBS-019,LIT-013,mudstone/shale,natural clay-rich shales,natural rocks and compacted clay analogues,North American shale settings,regional/multiple,not stated in abstract,,,matrix pore,,0.003,,um,characteristic gas-adsorption pore diameter in illite-smectite,adsorbed-volume/surface model,N2 adsorption + MIP,N2 <200 nm; MIP misses/perturbs finest shale pores,,abstract and method discussion,no,"Review-supported scale, not a single lithology-wide mode."
OBS-020,LIT-001,carbonate,intact carbonates,intact natural rocks,multiple literature settings,multiple/unknown,23,,,fitted pore scale,0.37,,31.5,um,fitted mean pore diameter; multimodal rows retained,source-dependent,source-dependent; benchmark fit,,,"Supplementary Table S2, carbonates [23]",benchmark,
OBS-021,LIT-014,carbonate,biogenic carbonate rock A-E,natural marine cores,"Nansha Islands, South China Sea",regional,5,7.35-23.41,,pore body,108,,139,um,range of source median body radius,resolved network-object count,micro-CT + maximum-ball PNM,61.75 um voxel,within 400 m below coral-reef surface,paper Tables 2-4; workbook REV2 tables; M3 audit,yes,
OBS-022,LIT-014,carbonate,biogenic carbonate rock A-E,natural marine cores,"Nansha Islands, South China Sea",regional,5,,,pore throat,54.3,,97.0,um,range of source median throat radius,resolved network-object count,micro-CT + maximum-ball PNM,61.75 um voxel,,paper Table 4; workbook REV2 tables; M3 audit,no,Carbonate A workbook/paper throat count and maximum disagree; workbook retained.
OBS-023,LIT-015,carbonate,micritic limestone,"natural, diagenetic matrix",multiple Phanerozoic settings,multiple/unknown,review,>20 reported in some microporous limestones,,matrix intercrystalline pore,5,,10,um,typical intercrystalline micropore width,reviewed microscopy observations,SEM/petrography review,,,abstract/review synthesis,no,
OBS-024,LIT-015,carbonate,micritic limestone,secondary microporosity,multiple Phanerozoic settings,multiple/unknown,review,,,microvug / secondary pore,,,64,um,secondary micropore diameter upper scale,review synthesis,SEM/petrography review,,,abstract/review synthesis,no,
OBS-025,LIT-018,basalt/volcanic rock,Port Fairy basalt,natural block; lab-cut unreacted half-core,"Bambstone Bluestone quarry, Victoria",approximate locality,1,9.75 study-core CT context; 12 separate bulk core,,pore body,,54.42,,um,median equivalent diameter,resolved object count,micro-CT,14.99 um voxel,,paper porosity context; Mendeley unreacted-ungrooved table; M3 audit,yes,Porosity values are contextual and not exact scale factors for the half-core distribution.
OBS-026,LIT-019,basalt/volcanic rock,"scoria, lava flows, diktytaxitic and micropore basalt",natural vesicular basalts,central Oregon volcanic settings,regional,five sample types; specimen n not recovered,,,vesicle body,,,,um,mean bubble radius; source-specific image analysis,image/object,image analysis + gas permeability/porosity,,,paper Figure 2 and sample-type description,no,Vesicles are bodies; permeability is governed by much smaller inter-vesicle apertures.
OBS-027,LIT-019,basalt/volcanic rock,same vesicular basalts,natural vesicular basalts,central Oregon volcanic settings,regional,same suite,,,vesicle connecting aperture,,,,um,aperture radius typically order 10 times smaller than mean bubble radius,model/image comparison,porosity-permeability + image analysis,,,abstract and discussion,no,
OBS-028,LIT-020,basalt/volcanic rock,Kilauea Iki basalt,natural drill core; dense to vesicular,"Kilauea Iki, Hawaii",exact volcanic setting,8,7.32-40.8 helium-accessible in displayed table,4.71-38.9 water-accessible in displayed table,vesicle/crack porosity,,,,um,bulk accessible porosity; no PSD,,helium and water saturation,,0.99-7.39 m core depths in Table 1,USGS Professional Paper 1123-B Table 1,yes,State varies strongly with lava-lake depth and vesicularity.
OBS-029,LIT-021,basalt/volcanic rock,ISL26 alkali basalt,fresh natural road outcrop,"Reykjanes Peninsula, Iceland",regional,1,7.93,,crack / microfracture,,0.1,,um,MIP bimodal peak near 0.1 um; source labels cracks,intruded porosity; about 1 percentage point,MIP,Autopore IV 9500; entrance radius derived by Washburn law,0-200 MPa hydrostatic experiments after characterization,sample description and Figure 1,yes,
OBS-030,LIT-021,basalt/volcanic rock,ISL26 alkali basalt,fresh natural road outcrop,"Reykjanes Peninsula, Iceland",regional,1,7.93,,equant pore,,100,,um,MIP bimodal peak near 100 um; source labels equant pores,intruded porosity; about 7 percentage points,MIP + SEM,,,Figure 1,no,
OBS-031,LIT-022,basalt/volcanic rock,Mt Etna basalt,natural volcanic rock,"Mt Etna, Sicily",regional,1,4.0,4.0,pore throat / entry constriction,,0.17,,um,mean MIP pore-throat radius; 65% of porosity is accessed through radii below 0.5 um,intruded connected pore volume,MIP + pressure-dependent permeability,,,"sample table, Figure 4b and discussion",yes,
OBS-032,LIT-023,granite/granitoid,Lipnice granite,fresh matrix through fractured/altered/gouge states,"MEL-5 borehole, Melechov pluton",exact borehole,21,0.50-6.53 connected MIP; median 2.01,,pore throat / MIP entry,0.008,,309,um,source pipe-pore/crack-equivalent entry diameter; not body diameter,incremental intruded porosity,MIP,paper about 0.005-300 um,one 150 m borehole; state deliberately heterogeneous,"paper sections 3.3-4.4, Figs 3 and 11; PANGAEA.898001",yes,Fresh specimen 11 is 0.50%; elevated porosity occurs in fracture/alteration/cavity/gouge states.
OBS-033,LIT-024,granite/granitoid,Westerly granite,intact crystalline rock,"Westerly, Rhode Island",approximate locality,1,,,microcrack aperture,,,,um,stereological crack-aperture distribution,crack surface area per bulk volume,quantitative stereology,,,paper crack-aperture statistics and power-law fits,yes,Microcracks are not generic matrix pore bodies.
OBS-034,LIT-025,granite/granitoid,Westerly granite,untreated versus thermally cracked,"Westerly, Rhode Island",approximate locality,one parent material; thermal series,3.2 after 600 C treatment,,thermal microcrack,,,,um,BSE fracture density/length/aperture,image fracture metrics,BSE microscopy + porosity,,,paper sample description and fracture table,no,"Thermally induced 3.2% porosity is a laboratory-damaged state, not intact granite baseline."
OBS-035,LIT-026,granite/granitoid,Mondim and Pedras granites,reference and contaminated stone,northern Portugal quarry stones,regional,specimen n not recovered,,,matrix pore / microfracture classes,,,,um,MIP pore diameter classes; >10 um explicitly air void/microfracture,intruded volume,MIP + water transport,,,Table 4 and pore-size-distribution figure,no,
OBS-036,LIT-028,gabbro/mafic crystalline,Atlantis Massif mafic cores,natural drilled cores; variably altered/fractured,"Atlantis Massif, five IODP boreholes",exact boreholes,4,0.9-2.9,,connectivity/transport only,,,,um,no pore-size distribution,,wet-dry bulk porosity + pressure-series transport,,confining-pressure series,paper Table 1; PANGAEA.873535/873533/873534,yes,
OBS-037,LIT-029,gabbro/mafic crystalline,Hole 735B oceanic gabbro,fresh through altered/fractured borehole zones,"ODP Hole 735B, Southwest Indian Ridge",exact borehole,continuous logs + core checks,core/log means ~1.5-3.4 by interval,,fracture network,,,,um,borehole fractures; no matrix PSD,depth/log interval,neutron/density/televiewer logs + packer tests,,23-500 mbsf,"Table 2, Figures 3-6",no,Porosity-log peaks may be fracture porosity unsampled by core; hydrous-mineral correction is essential.
OBS-038,LIT-030,gabbro/mafic crystalline,Hole 735B gabbros,natural core,"ODP Hole 735B, Southwest Indian Ridge",exact borehole,29,,,crack/microcrack network,,,,um,electrical formation factor indicates cracks/microcracks; no PSD,,porosity + electrical conduction,,,paper sample count and electrical-conduction interpretation,yes,
OBS-039,LIT-032,gabbro/mafic crystalline,Hess Deep gabbroic rock,natural oceanic core,"IODP Hole U1415, Hess Deep",exact borehole,at least 3 discrete physical-property specimens,,,bulk pore space,,,,um,porosity/density only; no PSD,,wet-dry volume/density and core physical properties,,,Expedition 345 site chapters and physical-properties tables,yes,A separate oceanic-crust locality from Atlantis Massif and Hole 735B.
OBS-040,LIT-028,serpentinite/ultramafic,Atlantis Massif serpentinised ultramafic cores,natural drilled cores; fracture-sensitive,"Atlantis Massif, three IODP boreholes",exact boreholes,4,2.6-12.8,,connectivity/transport only,,,,um,no pore-size distribution,,wet-dry bulk porosity + pressure-series permeability/resistivity,,,paper Table 1; PANGAEA.873535/873533/873534,yes,Highest values were interpreted as stress-release/fracture influenced.
OBS-041,LIT-033,serpentinite/ultramafic,partially serpentinised peridotite,natural core/outcrop,Atlantis Massif U1309D and Duluth Complex,exact borehole + regional,2,,,intrinsic nanopore plus reaction fracture,,,,um,(U)SANS pore-size distribution; components must remain distinct,scattering-volume/surface model,SANS/USANS,,,paper methods and pore-size/surface-area distributions,yes,Two geological settings; not a universal serpentinite curve.
OBS-042,LIT-034,serpentinite/ultramafic,lizardite serpentinite veins,natural partially serpentinised peridotite/dunite,"ODP Site 1274 MAR and Roragen, Norway",exact core + regional,2,FIB volumes 0.2-0.7; TEM foils 1-3; local brucite interface 12+/-4,,grain-boundary / reaction nanoporosity,0.001,,0.1,um,"direct pore diameter; dominant <100 nm, prevalent <10 nm",image-object/area/volume depending panel,FIB-SEM nanotomography + TEM,~3 nm SEM pixels; 0.5 nm TEM and 5 nm FIB-SEM histogram bins,,Methods; Figs 2-5 and 9,yes,Highly local analysed volumes; the 12% interface is not whole-rock porosity.
OBS-043,LIT-035,serpentinite/ultramafic,low-temperature serpentinites,natural accretionary-prism and dredged samples,"Mineoka Belt, Parece Vela, Mariana and Tonga trenches",regional/multiple,specimen n in Table 1/S1-S2,10.5-24.7 for dredged specimens,,bulk pore space / fracture-sensitive transport,,,,um,gas porosity; no PSD,,gas-expansion porosity + pressure-dependent permeability,,5-100 MPa confining pressure,Table 1 and Supplementary Tables S1-S2,no,Large bulk porosity does not yield proportionally high permeability; transport porosity is lower.
OBS-044,LIT-036,serpentinite/ultramafic,serpentinite mud-volcano cores,natural but special mud-volcano material,three Mariana forearc mud volcanoes,regional/multiple,7,37-51,,bulk pore space / transport,,,,um,bulk porosity; no PSD,,wet-dry/gas porosity + permeability/friction,,19.6-197.9 mbsf,IODP data report abstract and tables,yes,Unconsolidated/saponitic serpentinite mud is not intact serpentinite matrix.
OBS-045,LIT-024,metamorphic rock,Rutland quartzite,intact crystalline metamorphic rock,"Rutland, Vermont",approximate locality,1,,,microcrack aperture,,,,um,stereological crack-aperture distribution,crack surface area per bulk volume,quantitative stereology,,,paper crack-aperture statistics,yes,Pore microstructure differs from Westerly granite despite similar crack porosity/compressibility.
OBS-046,LIT-037,metamorphic rock,chlorite/mica schist and granitic mylonite,natural borehole reservoir; weathering/structural microfractures,"LT1/LT2 wells, Songliao Basin",regional,8,schist mean 1.46; mylonite mean 1.00,,matrix pore,0.002,,1,um,HPMI/gas-adsorption pore diameter ranges,intruded/adsorbed pore volume,HPMI + N2 adsorption/DFT,DFT <100 nm; HPMI to micron scale,,Tables 4-6; Figs 5-8,yes,>60% of schist pore volume <0.1 um; mylonite chiefly 0.05-1 um.
OBS-047,LIT-037,metamorphic rock,same schist/mylonite suite,natural borehole reservoir,"LT1/LT2 wells, Songliao Basin",regional,8,,,structural/weathering microfracture,,,,um,microscopy classification; not pooled with matrix PSD,,thin section/SEM,,,Table 3 and Figure 3,no,
OBS-048,LIT-038,metamorphic rock,quartz-mica and biotite schists,natural low-grade metamorphic rock,"Nathpa-Jhakri, Himalaya, India",approximate locality,3,,,matrix pore / MIP entry,,,,um,MIP pore-size distribution,intruded volume,MIP,,,paper methods/results,yes,Three varieties include quartz-veined material; states must not be pooled.
OBS-049,LIT-039,metamorphic rock,Carrara and comparison marbles,natural stone; thermal-weathering series,"Carrara, Italy and comparison quarries",regional/multiple,specimen n not recovered,,,grain-boundary microcrack,,,,um,thermal-expansion microcracks; not generic matrix pore bodies,image/porosity,dilatometry + microscopy + petrophysics,,,paper marble tables and thermal-cycling figures,no,"Thermal damage is a sample-state sensitivity, not an intact marble baseline."
