lithology,independent_literature_sources,mapped_natural_settings,conservative_primary_specimens_minimum,total_porosity_scalar_source_groups,total_porosity_q1_percent,total_porosity_median_percent,total_porosity_q3_percent,total_porosity_state_stratified_reference_min_percent,total_porosity_state_stratified_reference_max_percent,effective_connected_scalar_source_groups,effective_connected_q1_percent,effective_connected_median_percent,effective_connected_q3_percent,statistical_interpretation
unconsolidated sand/sediment,5,2,9,2,,,,25,60,0,,,,"Unweighted quartiles are blank when fewer than four independent scalar source groups are available; source-reported intervals, different states and non-equivalent methods are not converted into pseudo-observations."
sandstone,5,3,69,0,,,,1,30,0,,,,"Unweighted quartiles are blank when fewer than four independent scalar source groups are available; source-reported intervals, different states and non-equivalent methods are not converted into pseudo-observations."
mudstone/shale,5,5,96,0,,,,0.1,30,0,,,,"Unweighted quartiles are blank when fewer than four independent scalar source groups are available; source-reported intervals, different states and non-equivalent methods are not converted into pseudo-observations."
carbonate,5,3,5,0,,,,0.1,50,0,,,,"Unweighted quartiles are blank when fewer than four independent scalar source groups are available; source-reported intervals, different states and non-equivalent methods are not converted into pseudo-observations."
basalt/volcanic rock,5,5,11,2,,,,0.1,70,1,,,,"Unweighted quartiles are blank when fewer than four independent scalar source groups are available; source-reported intervals, different states and non-equivalent methods are not converted into pseudo-observations."
granite/granitoid,5,3,22,0,,,,0.1,15,0,,,,"Unweighted quartiles are blank when fewer than four independent scalar source groups are available; source-reported intervals, different states and non-equivalent methods are not converted into pseudo-observations."
gabbro/mafic crystalline,5,3,33,0,,,,0.1,10,0,,,,"Unweighted quartiles are blank when fewer than four independent scalar source groups are available; source-reported intervals, different states and non-equivalent methods are not converted into pseudo-observations."
serpentinite/ultramafic,5,7,15,0,,,,0.1,55,0,,,,"Unweighted quartiles are blank when fewer than four independent scalar source groups are available; source-reported intervals, different states and non-equivalent methods are not converted into pseudo-observations."
metamorphic rock,5,4,12,0,,,,0.1,20,0,,,,"Unweighted quartiles are blank when fewer than four independent scalar source groups are available; source-reported intervals, different states and non-equivalent methods are not converted into pseudo-observations."
