m3_source_id,lithology,atlas_assessment_flags,evidence,recommended_resource_treatment
M3-001,granite/granitoid,special geological state,"Fresh Lipnice (0.50% connected MIP porosity) fits the 0.1-2% intact envelope; the 0.50-6.53% 21-specimen suite deliberately mixes matrix, altered, fracture-surface, cavity and gouge states.",Report the seven matrix-reference specimens separately; never call 21 specimens 21 localities.
M3-002,sandstone,strongly resolution-conditioned|likely biased toward large resolved voids,"Fontainebleau/Berea bulk porosities are plausible, but 0.74 um CT/PNM retains only the segmented connected population and is coarser than many Park/Cao nanometre-submicrometre modes.",Keep resolved-network results; label all size/fit statements conditional on resolved throats and bodies.
M3-RLD-003,carbonate,strongly resolution-conditioned|likely biased toward large resolved voids|requires further investigation,Porosities 7.35-23.41% lie within carbonate envelopes; body/throat radii around 54-139 um are shifted high by 61.75 um voxels. Carbonate A workbook and paper throat counts/maxima disagree.,Use as macropore-network evidence only; retain discrepancy flag and do not infer a full carbonate PSD.
M3-RLD-003-S,sandstone,strongly resolution-conditioned|likely biased toward large resolved voids,Sandstone S has low CT porosity (1.06%) and 30.45 um voxels; it cannot see the tight-sandstone throat domain documented by MIP/adsorption studies.,"Treat as resolved macropore-network example, not a representative sandstone distribution."
M3-005,basalt/volcanic rock,special geological state|strongly resolution-conditioned|likely biased toward large resolved voids,"The 9.75/12% contextual porosities sit at the dense/vesicular boundary, while 14.99 um CT resolves only large bodies. Exact table-specific bulk porosity is unavailable.",Relabel as a resolved body population from one half-core; do not scale to whole-rock pore volume.
M3-RLD-004,sandstone,broadly representative / within expected range|strongly resolution-conditioned,"Wilmslow total/connected porosity 9.77-26.42% is plausible; 2.686-2.841 um voxels omit finer pores, and all-object files mix connected/disconnected objects.",Preserve seven depths as within-borehole variation; connected transit requires connected-object filtering.
M3-023,mudstone/shale,requires further investigation|special analytical construct,W23 spans shale-relevant scales but is a modelled pore-cluster/domain radius with microfracture connectivity; J24 lacks a resolved physical R unit.,"Keep as model evidence, not direct matrix-body or throat measurement; exclude J24 from size statistics."
M3-024,unconsolidated sand/sediment,broadly representative / within expected range|strongly resolution-conditioned|laboratory standard,"F42A porosity 33% is plausible for a pack, but it is not natural depositional replication and 9.996 um CT censors small throats.",Keep as topology/connectivity standard; compare natural beach/sediment fabric separately.
M3-025-mafic,gabbro/mafic crystalline,broadly representative / within expected range,Atlantis mafic bulk porosity 0.9-2.9% matches low-porosity intact/altered oceanic gabbro envelopes; pressure transport is fracture sensitive.,Retain as connectivity/transport-only evidence.
M3-025-ultramafic,serpentinite/ultramafic,special geological state|broadly representative / within expected range,Atlantis ultramafic bulk porosity 2.6-12.8% spans intact-to-fractured/serpentinised states; high values are stress-release/fracture influenced and do not contradict nanoscale intrinsic porosity.,Separate bulk fracture-sensitive porosity from Chogani/Tutolo intrinsic nanopores; no size curve is present.
