catalogue_id,source_id,title,year,persistent_identifier,landing_url,repository_or_publisher,lithology_class,material_name,sample_state,geometry_class,method,size_window_or_resolution,quantitative_artifacts,access_level,license_or_terms,ingestion_readiness,priority_tier,scope_note
M3-001,pangaea_898001,"Mercury intrusion porosimetry throat size distributions of Lipnice granite",2019,doi:10.1594/PANGAEA.898001,https://doi.pangaea.de/10.1594/PANGAEA.898001,PANGAEA,plutonic_crystalline,Lipnice granite (MEL-5 borehole),fracturing and alteration facies,pore_throat,MIP,"instrumental throat-equivalent distribution; inspect file metadata",tab-delimited throat distributions,public,CC-BY-4.0,A,1,"Best first crystalline matrix/throat source; state and depth must remain sample attributes."
M3-002,zenodo_1184144,"Pore Network Modeling Data For Fontainebleau And Berea Sandstones",2018,doi:10.5281/zenodo.1184144,https://zenodo.org/records/1184144,Zenodo,sedimentary_siliciclastic,"Fontainebleau and Berea sandstone",dry plus oil-water-saturated case,pore_body|pore_throat,micro_CT_plus_PNM,"micro-CT-derived network; inspect headers for units and extraction definition",CSV pore and throat tables,public,"record terms; verify before acquisition",A,1,"Three cases; retain case and saturation rather than treating them as lithologies."
M3-003,usgs_f7gx48rz,"Data from Mercury Intrusion Porosimetry conducted on samples of a mudstone underlying the Naval Air Warfare Center, West Trenton, NJ",2017,doi:10.5066/F7GX48RZ,https://doi.org/10.5066/F7GX48RZ,USGS,sedimentary_mudstone,"West Trenton mudstone core",core samples from boreholes 83BR-89BR,pore_throat,MIP,"MIP accessible throat-equivalent distribution",machine-readable data release,public,US-public-domain,A,1,"Strong fine-grained sedimentary endmember; MIP does not establish pore-body size."
M3-004,bgs_estaillades_ct,"High-resolution X-ray micro-tomography and nano-tomography datasets of Estaillades Limestone",2020,"BGS dataset landing page",https://ckan.publishing.service.gov.uk/dataset/high-resolution-x-ray-micro-tomography-and-nano-tomography-datasets-of-estaillades-limestone,British Geological Survey,carbonate,"Estaillades limestone",dry imaging specimen,matrix_pore|mixed_or_unresolved,micro_CT|nano_CT,"3.9676 um micro-CT; 32 nm nano-CT",image volumes and segmentations,public,"check landing-page terms before acquisition",A,1,"Multiscale carbonate benchmark; derive quantities separately at each resolved scale."
M3-005,mendeley_n72yhbppkj,"Changes in pore geometry and connectivity in the basalt pore network adjacent to fractures in response to CO2-saturated fluid",2021,doi:10.17632/n72yhbppkj.1,https://data.mendeley.com/datasets/n72yhbppkj/1,Mendeley Data,volcanic,"basalt core",unreacted and CO2-fluid-reacted,pore_body|pore_throat|microcrack,micro_CT_plus_PNM,"14.99 um voxel; micro-CT-resolved",CSV pore-size distributions and connected-pathway tables,public,CC-BY-4.0,A,1,"Useful volcanic and reaction-state contrast; exclude macroscopic grooved fracture geometry from M3 summaries."
M3-006,yoda_serpentinite_nanoporosity,"Decoding the nanoscale porosity in serpentinites from multidimensional electron microscopy and discrete element modelling",2024,"YODA UU01/ZGEYQY",https://public.yoda.uu.nl/geo/UU01/ZGEYQY.html,Utrecht University YODA,ultramafic_serpentinized,"serpentinite veins",reaction-front and vein-center contexts,matrix_pore|grain_boundary_pore,FIB_SEM|TEM,"TEM and FIB-SEM nanoscale fields; inspect per-file pixel size",images and derived analyses,public,"check YODA record terms before acquisition",B,1,"Essential ultramafic endmember but likely requires derived-table extraction; nanoporosity is not evidence of cell transit."
M3-007,darus_2977,"micro-XRCT data set of Carrara marble with artificially created crack network: fast cooling down from 500 C",2025,doi:10.18419/DARUS-2977,https://darus.uni-stuttgart.de/dataset.xhtml?persistentId=doi:10.18419/DARUS-2977,DaRUS,metamorphic,"Carrara marble",thermally cracked,microcrack,micro_CT,"micro-XRCT; inspect metadata",image volume,public,"record terms",B,1,"Metamorphic microcrack endmember; artificial thermal state makes it unsuitable as a natural lithology prior."
M3-008,figshare_berea_1153794,"Berea Sandstone",2014,doi:10.6084/m9.figshare.1153794,https://figshare.com/articles/dataset/Berea_Sandstone/1153794,Figshare,sedimentary_siliciclastic,Berea sandstone,dry,matrix_pore|pore_body|pore_throat,micro_CT_plus_PNM,"see NRRD header",micro-CT image and extracted networks,public,CC-BY-4.0,A,2,"Independent Berea benchmark; use only if sample identity and network fields complement M3-002."
M3-009,rh_figshare_7667642,"Data for The Influence of Microporous Cements on the Pore Network Geometry of Natural Sedimentary Rocks",2019,"figshare article 7667642",https://royalholloway.figshare.com/articles/dataset/Data_for_The_Influence_of_Microporous_Cements_on_the_Pore_Network_Geometry_of_Natural_Sedimentary_Rocks_/7667642,Royal Holloway Figshare,sedimentary_siliciclastic|carbonate,"natural sedimentary rocks including Fontainebleau and Berea",cemented natural samples,pore_body|pore_throat,micro_CT_plus_PNM,"inspect dataset headers",pore and throat data files,public,CC-BY-4.0,A,2,"Useful sedimentary cementation contrast; avoid duplicate ingestion of identical underlying samples."
M3-010,zenodo_18750641,"Characterization of volcanic and carbonate rocks by X-ray microtomography image analysis using PoreSpy, OpenPNM and machine learning",2026,doi:10.5281/zenodo.18750641,https://zenodo.org/records/18750641,Zenodo,volcanic|carbonate,"volcanic and carbonate specimens",imaged laboratory specimens,pore_body|pore_throat,micro_CT_plus_PNM,"40 um stated resolution","TIFF images, scripts, validation tables",public,"record terms; verify before acquisition",B,2,"Broad lithology extension but 40 um resolution misses fine constrictions."
M3-011,zenodo_18474612,"Segmented micro-CT images for Adedipe et al. 2026",2026,doi:10.5281/zenodo.18474612,https://zenodo.org/records/18474612,Zenodo,carbonate,"calcite-dolomite-anhydrite carbonate rocks",CO2-acidified brine reaction time series,matrix_pore|mixed_or_unresolved,micro_CT,"5.2 um voxel",segmented time-resolved images,public,"record terms; verify before acquisition",B,2,"Altered carbonate source; state/time is central, not a lithology label."
M3-012,zenodo_17856861,"Pore-Scale Dynamics of Multiphase Reactive Transport in Water-Wet Carbonates under CO2-Acidified Brine Injection",2025,doi:10.5281/zenodo.17856861,https://zenodo.org/records/17856861,Zenodo,carbonate,Ketton limestone,reacted multiphase time series,matrix_pore|mixed_or_unresolved,micro_CT,"inspect record metadata",time-resolved micro-CT data,public,"record terms; verify before acquisition",B,2,"Useful reactive carbonate counterpart; not a static natural-state distribution."
M3-013,dryad_v41ns1s91,"Data and code from: The effects of carbonate precipitation on the physical properties of basalt",2026,doi:10.5061/dryad.v41ns1s91,https://datadryad.org/dataset/doi:10.5061/dryad.v41ns1s91,Dryad,volcanic,basalt,carbonate-precipitated experimental runs,matrix_pore|microcrack,micro_CT,"11.5 um voxel; 217.21 GB total",CT data and experimental time series,public,"CC0/record terms must be verified",C,2,"Scientifically valuable but deliberately deferred: bulk image download is disproportionate to first ingestion."
M3-014,dpm_portal,"Digital Porous Media Portal",2026,"portal discovery record",https://digitalporousmedia.org/,Digital Porous Media Portal,multiple,"published rock and porous-material projects",varies,pore_body|pore_throat|matrix_pore|mixed_or_unresolved,micro_CT|FIB_SEM|NMR|other,"project-specific",metadata plus raw/derived data by project,public,"portal user agreement and project terms",B,2,"Discovery index, not one dataset; select project-level DOI/version before any acquisition."
M3-015,usgs_mudstone_networks,"Pore networks in continental and marine mudstones: Characteristics and controls on sealing behavior",2011,doi:10.1130/B30391.1,https://www.usgs.gov/publications/pore-networks-continental-and-marine-mudstones-characteristics-and-controls-sealing,USGS,sedimentary_mudstone,"continental and marine mudstones",various,matrix_pore|pore_throat|mixed_or_unresolved,MIP|FIB_SEM,"method-specific; publication reports quantitative observations",publication and possible supplements,public,"publication terms; data availability requires verification",C,2,"Important terminology and method reference; not a confirmed machine-readable dataset."
M3-016,granite_microcracks_song,"Granite microcracks: Structure and connectivity at different depths",2016,doi:10.1016/j.jseaes.2016.04.023,https://doi.org/10.1016/j.jseaes.2016.04.023,Journal of Asian Earth Sciences,plutonic_crystalline,granite,different depths,microcrack,microscopy_plus_network_analysis,"2-D image-derived; inspect supplements",article figures/tables,restricted,"publisher terms; data availability unconfirmed",C,3,"Method and gap reference only; 2-D cracks must not be merged with 3-D pore networks."
M3-017,granite_matrix_porosity_david,"Characterization of granite matrix porosity and pore-space geometry by in situ and laboratory methods",2001,doi:10.1046/j.0956-540x.2001.01427.x,https://doi.org/10.1046/j.0956-540x.2001.01427.x,Geophysical Journal International,plutonic_crystalline,deformed granites,variable deformation,microcrack,fluorescence_microscopy,"microcrack-focused; article-level",article figures/tables,restricted,"publisher terms; data availability unconfirmed",C,3,"Conceptual and terminology support, not an ingestion source absent recoverable numeric data."
M3-018,schist_microct_2025,"Petrophysical Characterization of Metamorphic Rocks using X-ray Micro-CT data – Implications for fluid flow",2025,doi:10.1016/j.jsg.2025.105338,https://doi.org/10.1016/j.jsg.2025.105338,Journal of Structural Geology,metamorphic,schist,imaged specimen,matrix_pore|microcrack,micro_CT,"publication-specific",article and possible supplements,restricted,"publisher terms; supplementary data requires verification",C,2,"Shows an active metamorphic gap; suitable only after locating open quantitative companion data."
M3-019,basalt_multiscale_2024,"Multiscale Quantitative Characterization of Basalt Pore and Throat Networks Using Micro-CT",2024,doi:10.1021/acs.energyfuels.4c00677,https://doi.org/10.1021/acs.energyfuels.4c00677,Energy & Fuels,volcanic,Cenozoic basalt matrix,as studied,pore_body|pore_throat,micro_CT_plus_PNM,"micro-CT-resolved; publication-specific",article and possible supplements,restricted,"publisher terms; data availability requires verification",C,3,"Useful comparison source; do not infer unresolved pore sizes below CT resolution."
M3-020,weathered_basalt_ct,"Evolution of porosity and diffusivity associated with chemical weathering of basalt",2009,"OSTI report 960379",https://www.osti.gov/servlets/purl/960379-NKVApY/,OSTI,volcanic,weathered and unweathered basalt,chemical weathering,matrix_pore|microcrack,CT,"reported CT subvolumes",report tables/images,public,"OSTI access terms; numeric artifacts require verification",C,3,"State contrast is useful but reported connectivity is method- and resolution-bound."
M3-021,dee_pore,"DeePore Dataset",2020,doi:10.5281/zenodo.3820900,https://zenodo.org/records/3820900,Zenodo,synthetic,"semi-realistic generated porous media",synthetic,mixed_or_unresolved,microtomography_style_plus_PNM,"generated images and 1515 extracted features",HDF5 feature datasets,public,"record terms; verify before acquisition",C,3,"Benchmark/training resource only; not evidence for natural lithology distributions."
M3-022,park_santamarina_2020,"The critical role of pore size on depth-dependent microbial cell counts in sediments",2020,doi:10.1038/s41598-020-78714-3,https://doi.org/10.1038/s41598-020-78714-3,Scientific Reports,sedimentary_unconsolidated,"compacting sediments",depth/compaction trend,matrix_pore,model_and_literature_synthesis,"not one interchangeable measured size",article data and synthesis,public,CC-BY-4.0,C,3,"Conceptual antecedent; retain its sediment scope and do not ingest as raw rock pore geometry."
